{
    "name": "root",
    "gauges": {
        "Avoidance.Policy.Entropy.mean": {
            "value": 1.4194355010986328,
            "min": 1.4189385175704956,
            "max": 1.4194355010986328,
            "count": 4
        },
        "Avoidance.Environment.EpisodeLength.mean": {
            "value": 300.6875,
            "min": 299.70588235294116,
            "max": 345.3333333333333,
            "count": 4
        },
        "Avoidance.Policy.ExtrinsicValueEstimate.mean": {
            "value": -0.26160019636154175,
            "min": -0.29651886224746704,
            "max": -0.26160019636154175,
            "count": 4
        },
        "Avoidance.Policy.CuriosityValueEstimate.mean": {
            "value": 0.06606702506542206,
            "min": 0.06606702506542206,
            "max": 0.07954562455415726,
            "count": 4
        },
        "Avoidance.Environment.CumulativeReward.mean": {
            "value": 0.5624998118728399,
            "min": 0.4970586334957796,
            "max": 0.6703330953915914,
            "count": 4
        },
        "Avoidance.Policy.ExtrinsicReward.mean": {
            "value": 0.5624998118728399,
            "min": 0.4970586334957796,
            "max": 0.6703330953915914,
            "count": 4
        },
        "Avoidance.Policy.CuriosityReward.mean": {
            "value": 0.18025797978043556,
            "min": 0.0,
            "max": 0.18025797978043556,
            "count": 4
        },
        "Avoidance.IsTraining.mean": {
            "value": 1.0,
            "min": 1.0,
            "max": 1.0,
            "count": 4
        },
        "Avoidance.Losses.ValueLoss.mean": {
            "value": 0.05746501684188843,
            "min": 0.05746501684188843,
            "max": 0.05746501684188843,
            "count": 1
        },
        "Avoidance.Losses.PolicyLoss.mean": {
            "value": 0.09995601326227188,
            "min": 0.09995601326227188,
            "max": 0.09995601326227188,
            "count": 1
        },
        "Avoidance.Policy.LearningRate.mean": {
            "value": 0.00029985778382979333,
            "min": 0.00029985778382979333,
            "max": 0.00029985778382979333,
            "count": 1
        },
        "Avoidance.Policy.Epsilon.mean": {
            "value": 0.19995257258415222,
            "min": 0.19995257258415222,
            "max": 0.19995257258415222,
            "count": 1
        },
        "Avoidance.Policy.Beta.mean": {
            "value": 0.09995254874229431,
            "min": 0.09995254874229431,
            "max": 0.09995254874229431,
            "count": 1
        },
        "Avoidance.Losses.CuriosityForwardLoss.mean": {
            "value": 1.8362025022506714,
            "min": 1.8362025022506714,
            "max": 1.8362025022506714,
            "count": 1
        },
        "Avoidance.Losses.CuriosityInverseLoss.mean": {
            "value": 0.47785884141921997,
            "min": 0.47785884141921997,
            "max": 0.47785884141921997,
            "count": 1
        }
    },
    "metadata": {
        "timer_format_version": "0.1.0",
        "start_time_seconds": "1601222643",
        "python_version": "3.7.6 (default, Dec 30 2019, 19:38:26) \n[Clang 11.0.0 (clang-1100.0.33.16)]",
        "command_line_arguments": "/Users/florian/python-envs/unityml-env/bin/mlagents-learn trainer_config.yaml --run-id=AvoidanceAI02 --force",
        "mlagents_version": "0.19.0",
        "mlagents_envs_version": "0.19.0",
        "communication_protocol_version": "1.0.0",
        "tensorflow_version": "2.0.0",
        "numpy_version": "1.18.2",
        "end_time_seconds": "1601222861"
    },
    "total": 218.20403180399998,
    "count": 1,
    "self": 0.036317674999963856,
    "children": {
        "run_training.setup": {
            "total": 0.014957566999999727,
            "count": 1,
            "self": 0.014957566999999727
        },
        "TrainerController.start_learning": {
            "total": 218.152756562,
            "count": 1,
            "self": 1.0078074730003834,
            "children": {
                "TrainerController._reset_env": {
                    "total": 10.479575273,
                    "count": 1,
                    "self": 10.479575273
                },
                "TrainerController.advance": {
                    "total": 205.04632425299963,
                    "count": 22567,
                    "self": 0.5354186329988408,
                    "children": {
                        "env_step": {
                            "total": 204.51090562000078,
                            "count": 22567,
                            "self": 145.9423624560004,
                            "children": {
                                "SubprocessEnvManager._take_step": {
                                    "total": 58.090379521999466,
                                    "count": 22567,
                                    "self": 1.3573430960011805,
                                    "children": {
                                        "TFPolicy.evaluate": {
                                            "total": 56.733036425998286,
                                            "count": 22567,
                                            "self": 56.733036425998286
                                        }
                                    }
                                },
                                "workers": {
                                    "total": 0.4781636420008901,
                                    "count": 22566,
                                    "self": 0.0,
                                    "children": {
                                        "worker_root": {
                                            "total": 214.9104251269998,
                                            "count": 22566,
                                            "is_parallel": true,
                                            "self": 108.70677763600058,
                                            "children": {
                                                "run_training.setup": {
                                                    "total": 0.0,
                                                    "count": 0,
                                                    "is_parallel": true,
                                                    "self": 0.0,
                                                    "children": {
                                                        "steps_from_proto": {
                                                            "total": 0.00122299400000081,
                                                            "count": 1,
                                                            "is_parallel": true,
                                                            "self": 0.0002486510000032638,
                                                            "children": {
                                                                "_process_vector_observation": {
                                                                    "total": 0.0009743429999975461,
                                                                    "count": 4,
                                                                    "is_parallel": true,
                                                                    "self": 0.0009743429999975461
                                                                }
                                                            }
                                                        },
                                                        "UnityEnvironment.step": {
                                                            "total": 0.04478369999999998,
                                                            "count": 1,
                                                            "is_parallel": true,