{
    "name": "root",
    "metadata": {
        "timer_format_version": "0.1.0",
        "start_time_seconds": "1601224456",
        "python_version": "3.7.6 (default, Dec 30 2019, 19:38:26) \n[Clang 11.0.0 (clang-1100.0.33.16)]",
        "command_line_arguments": "/Users/florian/python-envs/unityml-env/bin/mlagents-learn trainer_config.yaml --run-id=AvoidanceAI03 --force",
        "mlagents_version": "0.19.0",
        "mlagents_envs_version": "0.19.0",
        "communication_protocol_version": "1.0.0",
        "tensorflow_version": "2.0.0",
        "numpy_version": "1.18.2",
        "end_time_seconds": "1601224482"
    },
    "total": 26.730329517,
    "count": 1,
    "self": 0.013606586999998171,
    "children": {
        "run_training.setup": {
            "total": 0.013302560000000518,
            "count": 1,
            "self": 0.013302560000000518
        },
        "TrainerController.start_learning": {
            "total": 26.703420370000003,
            "count": 1,
            "self": 0.04511806399989737,
            "children": {
                "TrainerController._reset_env": {
                    "total": 14.632512537,
                    "count": 1,
                    "self": 14.632512537
                },
                "TrainerController.advance": {
                    "total": 10.433902602000103,
                    "count": 1134,
                    "self": 0.02686710600013953,
                    "children": {
                        "env_step": {
                            "total": 10.407035495999963,
                            "count": 1134,
                            "self": 7.0954781629999495,
                            "children": {
                                "SubprocessEnvManager._take_step": {
                                    "total": 3.2931442610000268,
                                    "count": 1134,
                                    "self": 0.06109875700007095,
                                    "children": {
                                        "TFPolicy.evaluate": {
                                            "total": 3.232045503999956,
                                            "count": 1134,
                                            "self": 3.232045503999956
                                        }
                                    }
                                },
                                "workers": {
                                    "total": 0.018413071999987096,
                                    "count": 1133,
                                    "self": 0.0,
                                    "children": {
                                        "worker_root": {
                                            "total": 25.041697911000032,
                                            "count": 1133,
                                            "is_parallel": true,
                                            "self": 19.631981464999956,
                                            "children": {
                                                "run_training.setup": {
                                                    "total": 0.0,
                                                    "count": 0,
                                                    "is_parallel": true,
                                                    "self": 0.0,
                                                    "children": {
                                                        "steps_from_proto": {
                                                            "total": 0.0011098760000010088,
                                                            "count": 1,
                                                            "is_parallel": true,
                                                            "self": 0.0002472980000014502,
                                                            "children": {
                                                                "_process_vector_observation": {
                                                                    "total": 0.0008625779999995586,
                                                                    "count": 4,
                                                                    "is_parallel": true,
                                                                    "self": 0.0008625779999995586
                                                                }
                                                            }
                                                        },
                                                        "UnityEnvironment.step": {
                                                            "total": 0.05182955400000111,
                                                            "count": 1,
                                                            "is_parallel": true,
                                                            "self": 0.00017037599999980557,
                                                            "children": {
                                                                "UnityEnvironment._generate_step_input": {
                                                                    "total": 0.00014683799999914982,
                                                                    "count": 1,
                                                                    "is_parallel": true,
                                                                    "self": 0.00014683799999914982
                                                                },
                                                                "communicator.exchange": {
                                                                    "total": 0.05105206600000045,
                                                                    "count": 1,
                                                                    "is_parallel": true,
                                                                    "self": 0.05105206600000045
                                                                },
                                                                "steps_from_proto": {
                                                                    "total": 0.0004602740000017036,
                                                                    "count": 1,
                                                                    "is_parallel": true,
                                                                    "self": 0.00018701000000476142,
                                                                    "children": {
                                                                        "_process_vector_observation": {
                                                                            "total": 0.0002732639999969422,
                                                                            "count": 4,
                                                                            "is_parallel": true,
                                                                            "self": 0.0002732639999969422
                                                                        }
                                                                    }
                                                                }
                                                            }
                                                        }
                                                    }
                                                },
                                                "UnityEnvironment.step": {
                                                    "total": 5.4097164460000755,
                                                    "count": 1132,
                                                    "is_parallel": true,
                                                    "self": 0.16943280300016283,